{
    "data": [
        {
            "text": "fourth",
            "entities": [
                {
                    "entity": "ordinal",
                    "value": "\"fourth\"",
                    "start": 0,
                    "end": 6
                }
            ]
        },
        {
            "text": "liza sit down",
            "entities": []
        },
        {
            "text": "liza is third",
            "entities": [
                {
                    "entity": "ordinal",
                    "value": "3",
                    "start": 8,
                    "end": 13
                },
                {
                    "entity": "who",
                    "value": "\"liza\"",
                    "start": 0,
                    "end": 4
                }
            ]
        },
        {
            "text": "sam says hey",
            "entities": []
        },
        {
            "text": "pretty is 22",
            "entities": [
                {
                    "entity": "who",
                    "value": "\"Freddy\"",
                    "start": 0,
                    "end": 6
                },
                {
                    "entity": "number",
                    "value": "\"22\"",
                    "start": 9,
                    "end": 12
                }
            ]
        },
        {
            "text": "liza sit up",
            "entities": [
                {
                    "entity": "who",
                    "value": "\"Liza\"",
                    "start": 0,
                    "end": 4
                },
                {
                    "entity": "action",
                    "value": "\"sit\"",
                    "start": 5,
                    "end": 8
                }
            ]
        },
        {
            "text": "sam sit down",
            "entities": [
                {
                    "entity": "action",
                    "value": "\"sit\"",
                    "start": 4,
                    "end": 7
                },
                {
                    "entity": "action",
                    "value": "\"sit\""
                }
            ]
        },
        {
            "text": "robert wake up",
            "entities": [
                {
                    "entity": "who",
                    "value": "\"Robert\"",
                    "start": 0,
                    "end": 6
                },
                {
                    "entity": "action",
                    "value": "\"sit up\"",
                    "start": 7,
                    "end": 11
                }
            ]
        },
        {
            "text": "liza wave",
            "entities": [
                {
                    "entity": "who",
                    "value": "\"Liza\"",
                    "start": 0,
                    "end": 4
                },
                {
                    "entity": "action",
                    "value": "\"wave\"",
                    "start": 5,
                    "end": 9
                }
            ]
        },
        {
            "text": "liza wave you leg",
            "entities": [
                {
                    "entity": "who",
                    "value": "\"Liza\"",
                    "start": 0,
                    "end": 4
                },
                {
                    "entity": "action",
                    "value": "\"wave\"",
                    "start": 5,
                    "end": 9
                }
            ]
        },
        {
            "text": "liza stand up",
            "entities": [
                {
                    "entity": "who",
                    "value": "\"Liza\"",
                    "start": 0,
                    "end": 4
                },
                {
                    "entity": "action",
                    "value": "\"stand\"",
                    "start": 5,
                    "end": 10
                }
            ]
        },
        {
            "text": "sarah  nod yes",
            "entities": [
                {
                    "entity": "who",
                    "value": "\"Sara\"",
                    "start": 0,
                    "end": 5
                },
                {
                    "entity": "action",
                    "value": "\"nod yes\"",
                    "start": 7,
                    "end": 14
                }
            ]
        },
        {
            "text": "sarqa nod no",
            "entities": [
                {
                    "entity": "action",
                    "value": "\"nod no\"",
                    "start": 6,
                    "end": 12
                }
            ]
        },
        {
            "text": "sara stand",
            "entities": [
                {
                    "entity": "who",
                    "value": "\"Sara\"",
                    "start": 0,
                    "end": 4
                },
                {
                    "entity": "action",
                    "value": "\"stand\"",
                    "start": 5,
                    "end": 10
                }
            ]
        },
        {
            "text": "sara say your name",
            "entities": [
                {
                    "entity": "who",
                    "value": "\"Sara\"",
                    "start": 0,
                    "end": 4
                }
            ]
        },
        {
            "text": "johh tell me your name",
            "entities": [
                {
                    "entity": "action",
                    "value": "\"name\"",
                    "start": 18,
                    "end": 22
                }
            ]
        },
        {
            "text": "robert say your name",
            "entities": [
                {
                    "entity": "who",
                    "value": "\"Robert\"",
                    "start": 0,
                    "end": 6
                },
                {
                    "entity": "action",
                    "value": "\"name\"",
                    "start": 16,
                    "end": 20
                },
                {
                    "entity": "say",
                    "value": "\"say\"",
                    "start": 7,
                    "end": 11
                }
            ]
        },
        {
            "text": "sara the answer is 44",
            "entities": [
                {
                    "entity": "who",
                    "value": "\"Sara\"",
                    "start": 0,
                    "end": 4
                },
                {
                    "entity": "number",
                    "value": "44",
                    "start": 19,
                    "end": 21
                }
            ]
        },
        {
            "text": "saratheanswer isc22",
            "entities": [
                {
                    "entity": "number",
                    "value": "22",
                    "start": 17,
                    "end": 19
                }
            ]
        },
        {
            "text": "who is lincoln",
            "entities": []
        },
        {
            "text": "who is einstein",
            "entities": []
        },
        {
            "text": "who is rosa parks",
            "entities": []
        },
        {
            "text": "I hate robert",
            "entities": [
                {
                    "entity": "who",
                    "value": "\"Robert\"",
                    "start": 7,
                    "end": 13
                }
            ]
        },
        {
            "text": "hi liza",
            "entities": [
                {
                    "entity": "who",
                    "value": "\"Liza\"",
                    "start": 3,
                    "end": 7
                },
                {
                    "entity": "greetings",
                    "value": "\"true\""
                }
            ]
        },
        {
            "text": "goodby sarah",
            "entities": [
                {
                    "entity": "who",
                    "value": "\"Sara\"",
                    "start": 7,
                    "end": 12
                }
            ]
        },
        {
            "text": "adios sam",
            "entities": [
                {
                    "entity": "greetings",
                    "value": "\"true\""
                }
            ]
        },
        {
            "text": "see you later sam",
            "entities": []
        },
        {
            "text": "me thinks we're ok",
            "entities": [
                {
                    "entity": "teacher",
                    "value": "\"me\"",
                    "start": 0,
                    "end": 2
                }
            ]
        },
        {
            "text": "I told you for the nth time",
            "entities": [
                {
                    "entity": "teacher",
                    "value": "\"me\"",
                    "start": 0,
                    "end": 1
                },
                {
                    "entity": "who",
                    "value": "\"class\"",
                    "start": 7,
                    "end": 10
                }
            ]
        },
        {
            "text": "Pfizer please stand up",
            "entities": [
                {
                    "entity": "action",
                    "value": "\"stand\"",
                    "start": 14,
                    "end": 19
                }
            ]
        },
        {
            "text": "Liza please stand up",
            "entities": [
                {
                    "entity": "who",
                    "value": "\"Liza\"",
                    "start": 0,
                    "end": 4
                },
                {
                    "entity": "action",
                    "value": "\"stand\"",
                    "start": 5,
                    "end": 17
                }
            ]
        },
        {
            "text": "hello my friend",
            "entities": [
                {
                    "entity": "greetings",
                    "value": "\"true\""
                }
            ]
        },
        {
            "text": "tell me three things",
            "entities": [
                {
                    "entity": "action",
                    "value": "\"say\"",
                    "start": 0,
                    "end": 4
                },
                {
                    "entity": "teacher",
                    "value": "\"me\"",
                    "start": 5,
                    "end": 7
                },
                {
                    "entity": "number",
                    "value": "3",
                    "start": 8,
                    "end": 13
                }
            ]
        },
        {
            "text": "I wonder how this works",
            "entities": [
                {
                    "entity": "teacher",
                    "value": "\"me\"",
                    "start": 0,
                    "end": 1
                }
            ]
        },
        {
            "text": "how does this work",
            "entities": []
        },
        {
            "text": "please stand up",
            "entities": [
                {
                    "entity": "action",
                    "value": "\"stand\"",
                    "start": 7,
                    "end": 12
                }
            ]
        },
        {
            "text": "Robert stand up",
            "entities": [
                {
                    "entity": "who",
                    "value": "\"Robert\"",
                    "start": 0,
                    "end": 6
                },
                {
                    "entity": "action",
                    "value": "\"stand\"",
                    "start": 7,
                    "end": 12
                }
            ]
        },
        {
            "text": "Robertson down",
            "entities": [
                {
                    "entity": "who",
                    "value": "\"Robert\"",
                    "start": 0,
                    "end": 9
                },
                {
                    "entity": "action",
                    "value": "\"sit\"",
                    "start": 10,
                    "end": 14
                }
            ]
        },
        {
            "text": "Robert sit down",
            "entities": [
                {
                    "entity": "who",
                    "value": "\"Robert\"",
                    "start": 0,
                    "end": 6
                },
                {
                    "entity": "action",
                    "value": "\"sit\"",
                    "start": 7,
                    "end": 10
                }
            ]
        },
        {
            "text": "Robert tell me about something you did this weekend",
            "entities": [
                {
                    "entity": "who",
                    "value": "\"Robert\"",
                    "start": 0,
                    "end": 6
                },
                {
                    "entity": "who",
                    "value": "\"Robert\"",
                    "start": 31,
                    "end": 34
                },
                {
                    "entity": "action",
                    "value": "\"say\"",
                    "start": 7,
                    "end": 11
                },
                {
                    "entity": "teacher",
                    "value": "\"me\"",
                    "start": 12,
                    "end": 14
                }
            ]
        },
        {
            "text": "Robert what's 2 + 2",
            "entities": [
                {
                    "entity": "who",
                    "value": "\"Robert\"",
                    "start": 0,
                    "end": 6
                },
                {
                    "entity": "number",
                    "value": "2",
                    "start": 14,
                    "end": 15
                },
                {
                    "entity": "number",
                    "value": "2",
                    "start": 18,
                    "end": 19
                }
            ]
        },
        {
            "text": "Robert what's the 4th",
            "entities": [
                {
                    "entity": "who",
                    "value": "\"Robert\"",
                    "start": 0,
                    "end": 6
                },
                {
                    "entity": "ask",
                    "value": "\"what\"",
                    "start": 7,
                    "end": 11
                },
                {
                    "entity": "ordinal",
                    "value": "4",
                    "start": 18,
                    "end": 21
                }
            ]
        },
        {
            "text": "place",
            "entities": [
                {
                    "entity": "ask",
                    "value": "\"where\"",
                    "start": 0,
                    "end": 5
                }
            ]
        },
        {
            "text": "Robert I told you to sit down",
            "entities": [
                {
                    "entity": "who",
                    "value": "\"Robert\"",
                    "start": 0,
                    "end": 6
                },
                {
                    "entity": "teacher",
                    "value": "\"me\"",
                    "start": 7,
                    "end": 8
                },
                {
                    "entity": "action",
                    "value": "\"sit\"",
                    "start": 21,
                    "end": 24
                }
            ]
        },
        {
            "text": "Robert what's 3 + 3 \/ 7",
            "entities": [
                {
                    "entity": "who",
                    "value": "\"Robert\"",
                    "start": 0,
                    "end": 6
                },
                {
                    "entity": "ask",
                    "value": "\"what\"",
                    "start": 7,
                    "end": 11
                },
                {
                    "entity": "number",
                    "value": "3",
                    "start": 14,
                    "end": 15
                },
                {
                    "entity": "number",
                    "value": "3",
                    "start": 18,
                    "end": 19
                },
                {
                    "entity": "number",
                    "value": "7",
                    "start": 22,
                    "end": 23
                }
            ]
        },
        {
            "text": "please set up",
            "entities": []
        },
        {
            "text": "Robert please sit up",
            "entities": [
                {
                    "entity": "who",
                    "value": "\"Robert\"",
                    "start": 0,
                    "end": 6
                },
                {
                    "entity": "action",
                    "value": "\"sit\"",
                    "start": 7,
                    "end": 17
                }
            ]
        },
        {
            "text": "our please stand up",
            "entities": [
                {
                    "entity": "action",
                    "value": "\"stand\"",
                    "start": 11,
                    "end": 16
                }
            ]
        },
        {
            "text": "Robert please stand up",
            "entities": [
                {
                    "entity": "who",
                    "value": "\"Robert\"",
                    "start": 0,
                    "end": 6
                },
                {
                    "entity": "action",
                    "value": "\"stand\"",
                    "start": 7,
                    "end": 19
                }
            ]
        },
        {
            "text": "Jesus Christ this works",
            "entities": [
                {
                    "entity": "ask",
                    "value": "\"what\"",
                    "start": 13,
                    "end": 17
                }
            ]
        },
        {
            "text": "Lincoln",
            "entities": []
        },
        {
            "text": "it's pretty interesting",
            "entities": [
                {
                    "entity": "ask",
                    "value": "\"what\"",
                    "start": 0,
                    "end": 2
                },
                {
                    "entity": "who",
                    "value": "\"Freddy\"",
                    "start": 5,
                    "end": 11
                }
            ]
        },
        {
            "text": "well I mean that I think they're",
            "entities": [
                {
                    "entity": "teacher",
                    "value": "\"me\"",
                    "start": 5,
                    "end": 6
                },
                {
                    "entity": "teacher",
                    "value": "\"me\"",
                    "start": 17,
                    "end": 18
                },
                {
                    "entity": "ask",
                    "value": "\"what\"",
                    "start": 12,
                    "end": 16
                }
            ]
        },
        {
            "text": "dance companies in the whole world extraordinary Alvin Ailey Dance Theater",
            "entities": []
        },
        {
            "text": "I think you're very positive about it",
            "entities": [
                {
                    "entity": "teacher",
                    "value": "\"me\"",
                    "start": 0,
                    "end": 1
                },
                {
                    "entity": "ask",
                    "value": "\"what\"",
                    "start": 35,
                    "end": 37
                }
            ]
        },
        {
            "text": "handsome man it identified as a contact",
            "entities": [
                {
                    "entity": "ask",
                    "value": "\"what\"",
                    "start": 13,
                    "end": 15
                }
            ]
        },
        {
            "text": "that's not going to stay in there isn't",
            "entities": [
                {
                    "entity": "ask",
                    "value": "\"what\"",
                    "start": 0,
                    "end": 4
                }
            ]
        },
        {
            "text": "y'all behave yourselves",
            "entities": [
                {
                    "entity": "who",
                    "value": "\"class\"",
                    "start": 0,
                    "end": 5
                }
            ]
        },
        {
            "text": "you all behave yourself",
            "entities": [
                {
                    "entity": "who",
                    "value": "\"class\"",
                    "start": 0,
                    "end": 7
                }
            ]
        },
        {
            "text": "samsung class",
            "entities": [
                {
                    "entity": "who",
                    "value": "\"class\"",
                    "start": 8,
                    "end": 13
                }
            ]
        },
        {
            "text": "how can you tell that I'm positive by the tone of my voice",
            "entities": [
                {
                    "entity": "action",
                    "value": "\"say\"",
                    "start": 12,
                    "end": 16
                },
                {
                    "entity": "ask",
                    "value": "\"what\"",
                    "start": 17,
                    "end": 21
                },
                {
                    "entity": "teacher",
                    "value": "\"me\"",
                    "start": 22,
                    "end": 23
                }
            ]
        },
        {
            "text": "I guess cuz you said hers is a standing",
            "entities": [
                {
                    "entity": "teacher",
                    "value": "\"me\"",
                    "start": 0,
                    "end": 1
                }
            ]
        },
        {
            "text": "I really hate Trump",
            "entities": [
                {
                    "entity": "teacher",
                    "value": "\"me\"",
                    "start": 0,
                    "end": 1
                }
            ]
        },
        {
            "text": "I feel so bloated",
            "entities": [
                {
                    "entity": "teacher",
                    "value": "\"me\"",
                    "start": 0,
                    "end": 1
                }
            ]
        },
        {
            "text": "negative",
            "entities": []
        },
        {
            "text": "yeah I heard you cooking some sort breakfast for what wasn't",
            "entities": [
                {
                    "entity": "teacher",
                    "value": "\"me\"",
                    "start": 5,
                    "end": 6
                },
                {
                    "entity": "ask",
                    "value": "\"what\"",
                    "start": 49,
                    "end": 53
                }
            ]
        },
        {
            "text": "present",
            "entities": []
        },
        {
            "text": "Saturday so I've got to check the dates and stuff",
            "entities": [
                {
                    "entity": "teacher",
                    "value": "\"me\"",
                    "start": 12,
                    "end": 13
                }
            ]
        },
        {
            "text": "so cool",
            "entities": []
        },
        {
            "text": "why so what kind of people live there is it young people op27 to Max",
            "entities": [
                {
                    "entity": "ask",
                    "value": "\"how\"",
                    "start": 0,
                    "end": 3
                },
                {
                    "entity": "ask",
                    "value": "\"what\"",
                    "start": 7,
                    "end": 11
                },
                {
                    "entity": "ask",
                    "value": "\"what\"",
                    "start": 41,
                    "end": 43
                },
                {
                    "entity": "who",
                    "value": "\"class\"",
                    "start": 20,
                    "end": 26
                },
                {
                    "entity": "who",
                    "value": "\"class\"",
                    "start": 50,
                    "end": 56
                },
                {
                    "entity": "number",
                    "value": "27",
                    "start": 59,
                    "end": 61
                }
            ]
        },
        {
            "text": "I can't feel anything else about you",
            "entities": [
                {
                    "entity": "teacher",
                    "value": "\"me\"",
                    "start": 0,
                    "end": 1
                }
            ]
        },
        {
            "text": "Marcy pissed me off",
            "entities": [
                {
                    "entity": "teacher",
                    "value": "\"me\"",
                    "start": 13,
                    "end": 15
                }
            ]
        },
        {
            "text": "you guys used to that",
            "entities": [
                {
                    "entity": "who",
                    "value": "\"class\"",
                    "start": 0,
                    "end": 8
                }
            ]
        },
        {
            "text": "what's going on",
            "entities": [
                {
                    "entity": "ask",
                    "value": "\"what\"",
                    "start": 0,
                    "end": 4
                }
            ]
        },
        {
            "text": "I work",
            "entities": [
                {
                    "entity": "teacher",
                    "value": "\"me\"",
                    "start": 0,
                    "end": 1
                }
            ]
        },
        {
            "text": "I thought I told you to send out",
            "entities": [
                {
                    "entity": "teacher",
                    "value": "\"me\"",
                    "start": 0,
                    "end": 1
                },
                {
                    "entity": "teacher",
                    "value": "\"me\"",
                    "start": 10,
                    "end": 11
                },
                {
                    "entity": "object",
                    "value": "\"result\"",
                    "start": 2,
                    "end": 9
                }
            ]
        },
        {
            "text": "I told you to sit down",
            "entities": [
                {
                    "entity": "teacher",
                    "value": "\"me\"",
                    "start": 0,
                    "end": 1
                },
                {
                    "entity": "action",
                    "value": "\"sit\"",
                    "start": 14,
                    "end": 17
                }
            ]
        },
        {
            "text": "Robert why you always give me trouble",
            "entities": [
                {
                    "entity": "who",
                    "value": "\"Robert\"",
                    "start": 0,
                    "end": 6
                },
                {
                    "entity": "ask",
                    "value": "\"how\"",
                    "start": 7,
                    "end": 10
                },
                {
                    "entity": "teacher",
                    "value": "\"me\"",
                    "start": 27,
                    "end": 29
                }
            ]
        },
        {
            "text": "who knows the answer",
            "entities": [
                {
                    "entity": "object",
                    "value": "\"result\"",
                    "start": 14,
                    "end": 20
                }
            ]
        },
        {
            "text": "Alberta down",
            "entities": [
                {
                    "entity": "action",
                    "value": "\"sit\"",
                    "start": 8,
                    "end": 12
                }
            ]
        },
        {
            "text": "Robert please sit down",
            "entities": [
                {
                    "entity": "who",
                    "value": "\"Robert\"",
                    "start": 0,
                    "end": 6
                },
                {
                    "entity": "action",
                    "value": "\"sit\"",
                    "start": 7,
                    "end": 17
                }
            ]
        },
        {
            "text": "pretty wave",
            "entities": [
                {
                    "entity": "who",
                    "value": "\"Freddy\"",
                    "start": 0,
                    "end": 6
                },
                {
                    "entity": "action",
                    "value": "\"wave\"",
                    "start": 7,
                    "end": 11
                }
            ]
        },
        {
            "text": "4 minutes",
            "entities": [
                {
                    "entity": "number",
                    "value": "4",
                    "start": 0,
                    "end": 1
                }
            ]
        },
        {
            "text": "so they're making your money on selling computer time",
            "entities": [
                {
                    "entity": "ask",
                    "value": "\"when\"",
                    "start": 49,
                    "end": 53
                }
            ]
        },
        {
            "text": "I don't have to pick a bottle right now",
            "entities": [
                {
                    "entity": "teacher",
                    "value": "\"me\"",
                    "start": 0,
                    "end": 1
                },
                {
                    "entity": "ask",
                    "value": "\"which\"",
                    "start": 16,
                    "end": 20
                },
                {
                    "entity": "ask",
                    "value": "\"when\"",
                    "start": 36,
                    "end": 39
                }
            ]
        },
        {
            "text": "I'm using their balls",
            "entities": [
                {
                    "entity": "teacher",
                    "value": "\"me\"",
                    "start": 0,
                    "end": 1
                }
            ]
        },
        {
            "text": "and when I think",
            "entities": [
                {
                    "entity": "ask",
                    "value": "\"when\"",
                    "start": 4,
                    "end": 8
                },
                {
                    "entity": "teacher",
                    "value": "\"me\"",
                    "start": 9,
                    "end": 10
                },
                {
                    "entity": "object",
                    "value": "\"result\"",
                    "start": 11,
                    "end": 16
                }
            ]
        },
        {
            "text": "we'll take a look at the document I sent you a link to the document tonight look at the implementation won a lot today",
            "entities": [
                {
                    "entity": "teacher",
                    "value": "\"me\"",
                    "start": 34,
                    "end": 35
                }
            ]
        },
        {
            "text": "nobody would help",
            "entities": []
        },
        {
            "text": "actually what actually strain the instructor",
            "entities": [
                {
                    "entity": "ask",
                    "value": "\"what\"",
                    "start": 9,
                    "end": 13
                }
            ]
        },
        {
            "text": "it's not meant to be shared with other people anyway it's",
            "entities": [
                {
                    "entity": "ask",
                    "value": "\"what\"",
                    "start": 33,
                    "end": 38
                },
                {
                    "entity": "polarity",
                    "value": "\"no\"",
                    "start": 5,
                    "end": 8
                },
                {
                    "entity": "who",
                    "value": "\"class\"",
                    "start": 39,
                    "end": 45
                }
            ]
        },
        {
            "text": "liza got to sleep",
            "entities": [
                {
                    "entity": "who",
                    "value": "\"Liza\"",
                    "start": 0,
                    "end": 4
                },
                {
                    "entity": "greetings",
                    "value": "\"true\""
                },
                {
                    "entity": "action",
                    "value": "\"sleep\"",
                    "start": 12,
                    "end": 17
                }
            ]
        },
        {
            "text": "robert snooze",
            "entities": [
                {
                    "entity": "who",
                    "value": "\"Robert\"",
                    "start": 0,
                    "end": 6
                },
                {
                    "entity": "action",
                    "value": "\"sleep\"",
                    "start": 7,
                    "end": 13
                }
            ]
        },
        {
            "text": "sara sit up",
            "entities": [
                {
                    "entity": "who",
                    "value": "\"Sara\"",
                    "start": 0,
                    "end": 4
                },
                {
                    "entity": "action",
                    "value": "\"sit\"",
                    "start": 5,
                    "end": 8
                }
            ]
        },
        {
            "text": "sara arm up",
            "entities": [
                {
                    "entity": "who",
                    "value": "\"Sara\"",
                    "start": 0,
                    "end": 4
                },
                {
                    "entity": "action",
                    "value": "\"hand up\"",
                    "start": 5,
                    "end": 11
                }
            ]
        },
        {
            "text": "sara hand down",
            "entities": [
                {
                    "entity": "who",
                    "value": "\"Sara\"",
                    "start": 0,
                    "end": 4
                },
                {
                    "entity": "action",
                    "value": "\"hand down\"",
                    "start": 5,
                    "end": 14
                }
            ]
        },
        {
            "text": "robert arm up",
            "entities": [
                {
                    "entity": "who",
                    "value": "\"Robert\"",
                    "start": 0,
                    "end": 6
                },
                {
                    "entity": "action",
                    "value": "\"hand up\"",
                    "start": 7,
                    "end": 13
                }
            ]
        },
        {
            "text": "robert nod yes",
            "entities": [
                {
                    "entity": "who",
                    "value": "\"Robert\"",
                    "start": 0,
                    "end": 6
                },
                {
                    "entity": "action",
                    "value": "\"nod yes\"",
                    "start": 7,
                    "end": 14
                }
            ]
        },
        {
            "text": "sara nod no",
            "entities": [
                {
                    "entity": "who",
                    "value": "\"Sara\"",
                    "start": 0,
                    "end": 4
                },
                {
                    "entity": "action",
                    "value": "\"nod no\"",
                    "start": 5,
                    "end": 11
                }
            ]
        },
        {
            "text": "how did you come up ",
            "entities": [
                {
                    "entity": "who",
                    "value": "\"class\"",
                    "start": 8,
                    "end": 11
                }
            ]
        },
        {
            "text": "robert where are you going",
            "entities": [
                {
                    "entity": "who",
                    "value": "\"Robert\"",
                    "start": 0,
                    "end": 6
                },
                {
                    "entity": "ask",
                    "value": "\"where\"",
                    "start": 7,
                    "end": 12
                },
                {
                    "entity": "who",
                    "value": "\"class\"",
                    "start": 17,
                    "end": 20
                }
            ]
        },
        {
            "text": "sara where are you",
            "entities": [
                {
                    "entity": "who",
                    "value": "\"Sara\"",
                    "start": 0,
                    "end": 4
                },
                {
                    "entity": "ask",
                    "value": "\"where\"",
                    "start": 5,
                    "end": 10
                }
            ]
        },
        {
            "text": "everyone stand up",
            "entities": [
                {
                    "entity": "who",
                    "value": "\"class\"",
                    "start": 0,
                    "end": 8
                },
                {
                    "entity": "action",
                    "value": "\"stand\"",
                    "start": 9,
                    "end": 14
                }
            ]
        },
        {
            "text": "sarah what are you going to do",
            "entities": [
                {
                    "entity": "who",
                    "value": "\"Sara\"",
                    "start": 0,
                    "end": 5
                },
                {
                    "entity": "ask",
                    "value": "\"what\"",
                    "start": 6,
                    "end": 10
                },
                {
                    "entity": "who",
                    "value": "\"Robert\"",
                    "start": 15,
                    "end": 18
                }
            ]
        },
        {
            "text": "what if ",
            "entities": [
                {
                    "entity": "ask",
                    "value": "\"how\"",
                    "start": 0,
                    "end": 7
                }
            ]
        },
        {
            "text": "sara what will you do",
            "entities": [
                {
                    "entity": "who",
                    "value": "\"Sara\"",
                    "start": 0,
                    "end": 4
                },
                {
                    "entity": "ask",
                    "value": "\"what\"",
                    "start": 5,
                    "end": 9
                }
            ]
        },
        {
            "text": "how did you arrive at that result",
            "entities": [
                {
                    "entity": "ask",
                    "value": "\"how\"",
                    "start": 12,
                    "end": 21
                },
                {
                    "entity": "ask",
                    "value": "\"what\"",
                    "start": 22,
                    "end": 26
                },
                {
                    "entity": "object",
                    "value": "\"result\""
                }
            ]
        },
        {
            "text": "let's start out with some addition",
            "entities": [
                {
                    "entity": "progress",
                    "value": "\"start\"",
                    "start": 6,
                    "end": 11
                }
            ]
        },
        {
            "text": "at's not how we say hello",
            "entities": [
                {
                    "entity": "greetings",
                    "value": "\"true\""
                }
            ]
        },
        {
            "text": "that's not how we say hello",
            "entities": [
                {
                    "entity": "greetings",
                    "value": "\"true\""
                }
            ]
        },
        {
            "text": "that is not how we say hello",
            "entities": [
                {
                    "entity": "greetings",
                    "value": "\"true\""
                },
                {
                    "entity": "action",
                    "value": "\"say\"",
                    "start": 19,
                    "end": 22
                }
            ]
        },
        {
            "text": "that  not how we ",
            "entities": []
        },
        {
            "text": "let's try again",
            "entities": []
        },
        {
            "text": "sorry, that's not correct",
            "entities": [
                {
                    "entity": "polarity",
                    "value": "\"no\"",
                    "start": 14,
                    "end": 17
                }
            ]
        },
        {
            "text": "welcome to class, let's get started with some addition",
            "entities": [
                {
                    "entity": "who",
                    "value": "\"class\"",
                    "start": 11,
                    "end": 16
                },
                {
                    "entity": "progress",
                    "value": "\"started\"",
                    "start": 28,
                    "end": 36
                },
                {
                    "entity": "math",
                    "value": "\"addition\"",
                    "start": 46,
                    "end": 54
                }
            ]
        },
        {
            "text": "let's get started with some addition",
            "entities": [
                {
                    "entity": "progress",
                    "value": "\"started\"",
                    "start": 10,
                    "end": 17
                },
                {
                    "entity": "math",
                    "value": "\"addition\"",
                    "start": 28,
                    "end": 36
                }
            ]
        },
        {
            "text": "waht does 2 + 2 equal",
            "entities": [
                {
                    "entity": "number",
                    "value": "2",
                    "start": 10,
                    "end": 11
                },
                {
                    "entity": "math",
                    "value": "\"addition\"",
                    "start": 12,
                    "end": 13
                },
                {
                    "entity": "number",
                    "value": "2",
                    "start": 14,
                    "end": 15
                },
                {
                    "entity": "math",
                    "value": "\"equal\"",
                    "start": 16,
                    "end": 21
                }
            ]
        },
        {
            "text": "lets get started with some addition",
            "entities": [
                {
                    "entity": "progress",
                    "value": "\"started\"",
                    "start": 9,
                    "end": 16
                },
                {
                    "entity": "math",
                    "value": "\"addition\"",
                    "start": 27,
                    "end": 35
                }
            ]
        },
        {
            "text": "waht is 3 *3",
            "entities": [
                {
                    "entity": "polarity",
                    "value": "\"yes\"",
                    "start": 5,
                    "end": 7
                },
                {
                    "entity": "number",
                    "value": "3",
                    "start": 8,
                    "end": 9
                },
                {
                    "entity": "math",
                    "value": "\"multiplication\"",
                    "start": 10,
                    "end": 11
                },
                {
                    "entity": "number",
                    "value": "3",
                    "start": 11,
                    "end": 12
                }
            ]
        }
    ]
}
