{
    "data": {
        "lookups": [
            "keywords",
            "free-text"
        ],
        "name": "action",
        "lang": "en",
        "id": "action",
        "doc": "User-defined entity",
        "builtin": false,
        "values": [
            {
                "value": "stop fidget",
                "expressions": [
                    "stop squirming",
                    "stop fidgeting",
                    "stop fidget"
                ]
            },
            {
                "value": "fidget",
                "expressions": [
                    "fidget"
                ]
            },
            {
                "value": "say",
                "expressions": [
                    "chaulk",
                    "caulk",
                    "chalk",
                    "illuminate",
                    "tell",
                    "talk",
                    "say"
                ]
            },
            {
                "value": "hand down",
                "expressions": [
                    "arm down",
                    "hand down"
                ]
            },
            {
                "value": "hand up",
                "expressions": [
                    "arm up",
                    "hand up"
                ]
            },
            {
                "value": "sleep",
                "expressions": [
                    "snooze",
                    "sleep"
                ]
            },
            {
                "value": "name",
                "expressions": [
                    "name"
                ]
            },
            {
                "value": "sit up",
                "expressions": [
                    "pay attention",
                    "rouse",
                    "wake"
                ]
            },
            {
                "value": "nod no",
                "expressions": [
                    "disagree",
                    "nod no"
                ]
            },
            {
                "value": "nod yes",
                "expressions": [
                    "agree",
                    "nod yes"
                ]
            },
            {
                "value": "wave",
                "expressions": [
                    "say hi",
                    "wave"
                ]
            },
            {
                "value": "stand",
                "expressions": [
                    "stand",
                    "please stand"
                ]
            },
            {
                "value": "sit",
                "expressions": [
                    "set",
                    "seat",
                    "sit",
                    "down",
                    "please sit"
                ]
            }
        ]
    }
}
