{
    "data": {
        "lookups": [
            "free-text",
            "keywords"
        ],
        "name": "ask",
        "lang": "en",
        "id": "ask",
        "doc": "User-defined entity",
        "builtin": false,
        "values": [
            {
                "value": "which",
                "expressions": [
                    "pick",
                    "choose",
                    "which"
                ]
            },
            {
                "value": "how",
                "expressions": [
                    "come up with",
                    "how",
                    "arrive at",
                    "what if",
                    "what are",
                    "because",
                    "cause",
                    "why",
                    "reason",
                    "proof",
                    "motive",
                    "in what respect",
                    "by doing",
                    "what method",
                    "by means",
                    "process",
                    "show",
                    "explain"
                ]
            },
            {
                "value": "when",
                "expressions": [
                    "still",
                    "meanwhile",
                    "in a  bit",
                    "in a little while",
                    "while",
                    "soon",
                    "later",
                    "now",
                    "immediately",
                    "before",
                    "after",
                    "during",
                    "time",
                    "at the time time",
                    "at what time",
                    "when"
                ]
            },
            {
                "value": "where",
                "expressions": [
                    "wherabouts",
                    "direction",
                    "locus",
                    "stage",
                    "place",
                    "address",
                    "position",
                    "point",
                    "spot",
                    "site",
                    "location",
                    "where"
                ]
            },
            {
                "value": "what",
                "expressions": [
                    "the like",
                    "distinct",
                    "one",
                    "other",
                    "this",
                    "what"
                ]
            }
        ]
    }
}
