{
    "data": {
        "lookups": [
            "keywords",
            "free-text"
        ],
        "name": "math",
        "lang": "en",
        "id": "math",
        "doc": "User-defined entity",
        "builtin": false,
        "values": [
            {
                "value": "equal",
                "expressions": [
                    "equal"
                ]
            },
            {
                "value": "multiplication",
                "expressions": [
                    "*",
                    "times",
                    "multiplied",
                    "multiplication",
                    "multiply"
                ]
            },
            {
                "value": "division",
                "expressions": [
                    "\/",
                    "divide",
                    "divided by",
                    "division"
                ]
            },
            {
                "value": "subtraction",
                "expressions": [
                    "-",
                    "take away",
                    "less",
                    "minus",
                    "subtraction"
                ]
            },
            {
                "value": "addition",
                "expressions": [
                    "+",
                    "combine",
                    "add",
                    "adding",
                    "addition"
                ]
            }
        ]
    }
}
