{
    "data": {
        "lookups": [
            "free-text",
            "keywords"
        ],
        "name": "object",
        "lang": "en",
        "id": "object",
        "doc": "User-defined entity",
        "builtin": false,
        "values": [
            {
                "value": "opinion",
                "expressions": [
                    "hypothesis",
                    "idea",
                    "thought",
                    "opinion"
                ]
            },
            {
                "value": "answer",
                "expressions": [
                    "evaluate",
                    "think",
                    "reaction",
                    "claim",
                    "remark",
                    "statement",
                    "rebuttal",
                    "observation",
                    "assertion",
                    "report",
                    "interpretation",
                    "solution",
                    "response",
                    "comment",
                    "explanation",
                    "product",
                    "outcome",
                    "decision",
                    "decide",
                    "conclusion",
                    "value",
                    "answer",
                    "result"
                ]
            }
        ]
    }
}
