{
    "data": {
        "lookups": [
            "free-text",
            "keywords"
        ],
        "name": "polarity",
        "lang": "en",
        "id": "polarity",
        "doc": "User-defined entity",
        "builtin": false,
        "values": [
            {
                "value": "no",
                "expressions": [
                    "no",
                    "wont",
                    "will not",
                    "can not",
                    "isn't",
                    "is not",
                    "not",
                    "can't"
                ]
            },
            {
                "value": "yes",
                "expressions": [
                    "will",
                    "is",
                    "can",
                    "yes"
                ]
            }
        ]
    }
}
