{
    "data": {
        "lookups": [
            "keywords",
            "free-text"
        ],
        "name": "who",
        "lang": "en",
        "id": "who",
        "doc": "User-defined entity",
        "builtin": false,
        "values": [
            {
                "value": "class",
                "expressions": [
                    "raise your hands",
                    "raise your hand",
                    "anyone",
                    "who knows",
                    "who",
                    "you guys",
                    "kids",
                    "everyone",
                    "y'all",
                    "people",
                    "class",
                    "children",
                    "you all"
                ]
            },
            {
                "value": "Freddy",
                "expressions": [
                    "pretty",
                    "Freddy"
                ]
            },
            {
                "value": "Sara",
                "expressions": [
                    "Sarah",
                    "Sara",
                    "sarah",
                    "sara"
                ]
            },
            {
                "value": "Robert",
                "expressions": [
                    "Robertson",
                    "Robert",
                    "robert"
                ]
            },
            {
                "value": "Liza",
                "expressions": [
                    "Liza",
                    "liza"
                ]
            }
        ]
    }
}
