[
  {
    "value": "read",
    "synonyms": [
      "read",
      "reading",
      "take in",
      "absorb"
    ]
  },
  {
    "value": "write",
    "synonyms": [
      "write",
      "scribble",
      "jot",
      "writing"
    ]
  },
  {
    "value": "talk",
    "synonyms": [
      "talk",
      "talking",
      "speak",
      "speaking",
      "say",
      "saying",
      "said",
      "opines",
      "response",
      "answer"
    ]
  },
  {
    "value": "act",
    "synonyms": [
      "act",
      "acted"
    ]
  },
  {
    "value": "r",
    "synonyms": [
      "r"
    ]
  }
]