[
  {
    "value": "idea",
    "synonyms": [
      "idea",
      "belief",
      "tenet",
      "topic",
      "theme",
      "motif",
      "argument",
      "proposition",
      "fact",
      "concept",
      "phenomenon",
      "phenomena",
      "theory"
    ]
  },
  {
    "value": "thing",
    "synonyms": [
      "thing",
      "item",
      "gizmo",
      "object",
      "element",
      "tool",
      "apparatus",
      "matter",
      "device",
      "mechanism",
      "machine",
      "equipment"
    ]
  },
  {
    "value": "rule",
    "synonyms": [
      "rule",
      "algorithm",
      "method",
      "technique",
      "recipe",
      "basics",
      "guideline",
      "law",
      "maxim",
      "plan",
      "regulation"
    ]
  },
  {
    "value": "key",
    "synonyms": [
      "key",
      "important",
      "vital",
      "critical",
      "essential",
      "significant",
      "meaningful",
      "chief",
      "major",
      "principal",
      "serious"
    ]
  },
  {
    "value": "example",
    "synonyms": [
      "example",
      "illustration",
      "exemplar",
      "case",
      "stereotype",
      "archetype",
      "paragon",
      "ideal",
      "specimen",
      "for instance",
      "evidence"
    ]
  }
]