[
  {
    "value": "1",
    "synonyms": [
      "1",
      "one",
      "uno"
    ]
  },
  {
    "value": "2",
    "synonyms": [
      "2",
      "two",
      "couple",
      "pair"
    ]
  },
  {
    "value": "3",
    "synonyms": [
      "3",
      "three",
      "triad"
    ]
  },
  {
    "value": "4",
    "synonyms": [
      "4",
      "four",
      "quartet"
    ]
  },
  {
    "value": "5",
    "synonyms": [
      "5",
      "five"
    ]
  },
  {
    "value": "6",
    "synonyms": [
      "6",
      "sextet"
    ]
  },
  {
    "value": "7",
    "synonyms": [
      "7",
      "seven",
      "septet"
    ]
  },
  {
    "value": "8",
    "synonyms": [
      "8",
      "eigth",
      "octet"
    ]
  },
  {
    "value": "9",
    "synonyms": [
      "9",
      "nine",
      "nonet"
    ]
  },
  {
    "value": "10",
    "synonyms": [
      "10",
      "ten"
    ]
  },
  {
    "value": "million",
    "synonyms": [
      "million",
      "1,000,000"
    ]
  },
  {
    "value": "thousand",
    "synonyms": [
      "thousand",
      "1,000"
    ]
  },
  {
    "value": "half",
    "synonyms": [
      "half",
      "1/2",
      "halved",
      "in two",
      "bisect"
    ]
  },
  {
    "value": "quarter",
    "synonyms": [
      "quarter",
      "1/4",
      "divided by 4"
    ]
  },
  {
    "value": "eightth",
    "synonyms": [
      "eightth",
      "1/8",
      "divided by 8"
    ]
  },
  {
    "value": "third",
    "synonyms": [
      "third",
      "1/3",
      "divided by 3",
      "divided by three"
    ]
  }
]