[
  {
    "value": "worker",
    "synonyms": [
      "worker",
      "employee",
      "laborer"
    ]
  },
  {
    "value": "professional",
    "synonyms": [
      "scientist",
      "researcher",
      "investigator",
      "expert",
      "physicist",
      "chemist",
      "doctor",
      "astronaut",
      "lawyer",
      "specialist",
      "egghead"
    ]
  },
  {
    "value": "creator",
    "synonyms": [
      "writer",
      "author",
      "creator",
      "musician",
      "artist",
      "poet"
    ]
  }
]