[
  {
    "value": "yes",
    "synonyms": [
      "yes",
      "yep",
      "yup",
      "ok",
      "okay",
      "true",
      "absolutely",
      "right",
      "correct",
      "good answer",
      "good"
    ]
  },
  {
    "value": "no",
    "synonyms": [
      "no",
      "nope",
      "don\u0027t",
      "no not",
      "nada",
      "no way",
      "no how",
      "false",
      "can\u0027t",
      "can not",
      "will not",
      "won\u0027t",
      "is not",
      "isn\u0027t",
      "wrong",
      "incorrect"
    ]
  },
  {
    "value": "maybe",
    "synonyms": [
      "maybe",
      "perhaps",
      "i suppose",
      "i  guess",
      "sponse",
      "might",
      "could"
    ]
  },
  {
    "value": "less",
    "synonyms": [
      "less",
      "less than",
      "smaller",
      "younger",
      "lighter",
      "lower",
      "shorter",
      "thinner",
      "below",
      "under",
      "subordinate",
      "lesser",
      "underneath",
      "petite",
      "minor",
      "least",
      "smallest",
      "worse",
      "worst"
    ]
  },
  {
    "value": "more",
    "synonyms": [
      "more",
      "more than",
      "bigger",
      "older",
      "heavier",
      "taller",
      "over",
      "atop",
      "on top of",
      "greater",
      "most",
      "larger",
      "largest",
      "weightier",
      "longer",
      "better",
      "another",
      "in addition",
      "farther",
      "exceeding",
      "exceed",
      "fatter",
      "fat",
      "thick",
      "thicker"
    ]
  },
  {
    "value": "equal",
    "synonyms": [
      "equal",
      "same",
      "just like",
      "even",
      "equivalant",
      "match",
      "identical",
      "comparable",
      "alike",
      "akin"
    ]
  },
  {
    "value": "different",
    "synonyms": [
      "unequal",
      "different",
      "not the same",
      "unlike",
      "unaliike",
      "other",
      "uneven",
      "distinct",
      "inconsistent",
      "not like"
    ]
  }
]