[
  {
    "value": "all",
    "synonyms": [
      "all",
      "class",
      "y\u0027all",
      "you all",
      "everyone",
      "children",
      "kids,",
      "guys",
      "you guys",
      "uhaul",
      "everybody"
    ]
  },
  {
    "value": "Chris",
    "synonyms": [
      "chris",
      "crissy",
      "christ",
      "crisp"
    ]
  },
  {
    "value": "Luis",
    "synonyms": [
      "luis",
      "louis",
      "lewis",
      "louise",
      "looey",
      "lue",
      "lew"
    ]
  },
  {
    "value": "Oliver",
    "synonyms": [
      "oliver",
      "liver"
    ]
  },
  {
    "value": "Jazmin",
    "synonyms": [
      "jazmin",
      "jazz",
      "jasmine",
      "jasmina",
      "jazzman"
    ]
  },
  {
    "value": "Farrah",
    "synonyms": [
      "Farrah",
      "farah",
      "feral",
      "ferrell"
    ]
  }
]