[
  {
    "id": "97935138-e9fd-4c12-a592-55454371dffc",
    "data": [
      {
        "text": "Chris",
        "meta": "@r_who",
        "alias": "r_who",
        "userDefined": true
      },
      {
        "text": ". How about you, why don\u0027t you ",
        "userDefined": false
      },
      {
        "text": "read",
        "meta": "@r_action",
        "alias": "r_action",
        "userDefined": true
      },
      {
        "text": " your ",
        "userDefined": false
      },
      {
        "text": "story",
        "meta": "@r_info",
        "alias": "r_info",
        "userDefined": true
      }
    ],
    "isTemplate": false,
    "count": 0,
    "lang": "en",
    "updated": 0
  },
  {
    "id": "b38ca4c1-0b9b-465e-9f16-2f961713f243",
    "data": [
      {
        "text": "But each one of you did a ",
        "userDefined": false
      },
      {
        "text": "fabulous job",
        "meta": "@r_praise",
        "alias": "r_praise",
        "userDefined": false
      },
      {
        "text": " ",
        "userDefined": false
      },
      {
        "text": "reading",
        "meta": "@r_action",
        "alias": "r_action",
        "userDefined": true
      },
      {
        "text": " and looking at all the ",
        "userDefined": false
      },
      {
        "text": "information",
        "meta": "@r_info",
        "alias": "r_info",
        "userDefined": true
      },
      {
        "text": " and taking it in.",
        "userDefined": false
      }
    ],
    "isTemplate": false,
    "count": 0,
    "lang": "en",
    "updated": 0
  },
  {
    "id": "5da98b65-923d-48d5-a9fa-fa2c4aa26cd4",
    "data": [
      {
        "text": "Okay, very ",
        "userDefined": false
      },
      {
        "text": "good",
        "meta": "@r_praise",
        "alias": "r_praise",
        "userDefined": false
      },
      {
        "text": ".",
        "userDefined": false
      }
    ],
    "isTemplate": false,
    "count": 2,
    "lang": "en",
    "updated": 0
  },
  {
    "id": "56297f14-6750-40c7-abcb-35a3c54893db",
    "data": [
      {
        "text": "Hey, that\u0027s okay. At least you were looking closely at your words why you were reading",
        "userDefined": false
      }
    ],
    "isTemplate": false,
    "count": 2,
    "lang": "en",
    "updated": 0
  },
  {
    "id": "5733648d-5663-43c0-bdbe-b8927d31758a",
    "data": [
      {
        "text": "That is ",
        "userDefined": false
      },
      {
        "text": "fine",
        "meta": "@r_praise",
        "alias": "r_praise",
        "userDefined": true
      },
      {
        "text": ". That is ",
        "userDefined": false
      },
      {
        "text": "okay",
        "userDefined": true
      },
      {
        "text": ".",
        "userDefined": false
      }
    ],
    "isTemplate": false,
    "count": 0,
    "lang": "en",
    "updated": 0
  },
  {
    "id": "181e9de8-b3aa-4979-ae7f-dbb5c2a9fcbf",
    "data": [
      {
        "text": "So really ",
        "userDefined": false
      },
      {
        "text": "good job",
        "meta": "@r_praise",
        "alias": "r_praise",
        "userDefined": false
      },
      {
        "text": " guys. Very ",
        "userDefined": false
      },
      {
        "text": "proud",
        "meta": "@r_praise",
        "alias": "r_praise",
        "userDefined": false
      },
      {
        "text": " of each and every one of you.",
        "userDefined": false
      }
    ],
    "isTemplate": false,
    "count": 0,
    "lang": "en",
    "updated": 0
  },
  {
    "id": "88a242ae-ee57-42c4-9526-0ff35201a1e2",
    "data": [
      {
        "text": "Chris",
        "meta": "@r_who",
        "alias": "r_who",
        "userDefined": false
      },
      {
        "text": ". How about you, while you ",
        "userDefined": false
      },
      {
        "text": "read",
        "meta": "@r_action",
        "alias": "r_action",
        "userDefined": true
      },
      {
        "text": " your story, ",
        "userDefined": false
      },
      {
        "text": "What",
        "meta": "@r_ask",
        "alias": "r_ask",
        "userDefined": true
      },
      {
        "text": " did you find",
        "userDefined": false
      }
    ],
    "isTemplate": false,
    "count": 0,
    "lang": "en",
    "updated": 0
  },
  {
    "id": "d4bd8c97-650b-4a98-8b39-812aab47ff05",
    "data": [
      {
        "text": "That is fine.",
        "userDefined": false
      }
    ],
    "isTemplate": false,
    "count": 0,
    "lang": "en",
    "updated": 0
  },
  {
    "id": "0b6de028-e89f-4d92-baa4-b5b5975a5ad6",
    "data": [
      {
        "text": "Alright ",
        "userDefined": false
      },
      {
        "text": "Jazmin",
        "meta": "@r_who",
        "alias": "r_who",
        "userDefined": false
      },
      {
        "text": " while you were ",
        "userDefined": false
      },
      {
        "text": "reading",
        "meta": "@r_action",
        "alias": "r_action",
        "userDefined": true
      },
      {
        "text": " did you find any more ",
        "userDefined": false
      },
      {
        "text": "information",
        "meta": "@r_info",
        "alias": "r_info",
        "userDefined": true
      },
      {
        "text": ".",
        "userDefined": false
      }
    ],
    "isTemplate": false,
    "count": 0,
    "lang": "en",
    "updated": 0
  },
  {
    "id": "fe5e9812-09d7-4ca4-91f7-b2f5781cf3df",
    "data": [
      {
        "text": "Good job",
        "meta": "@r_praise",
        "alias": "r_praise",
        "userDefined": false
      },
      {
        "text": ".",
        "userDefined": false
      }
    ],
    "isTemplate": false,
    "count": 0,
    "lang": "en",
    "updated": 0
  },
  {
    "id": "857e37a1-d20a-4591-8592-1fbb83a7140d",
    "data": [
      {
        "text": "Okay. Will you hold that in for a little bit and thinking about those spaces, maybe we ",
        "userDefined": false
      },
      {
        "text": "can",
        "meta": "@r_teacher",
        "alias": "r_teacher",
        "userDefined": false
      },
      {
        "text": " talk about that later.",
        "userDefined": false
      }
    ],
    "isTemplate": false,
    "count": 0,
    "lang": "en",
    "updated": 0
  },
  {
    "id": "8656fab2-5c14-4d46-a213-1aa0dc9afae4",
    "data": [
      {
        "text": "110.2",
        "meta": "@sys.number",
        "alias": "number",
        "userDefined": false
      },
      {
        "text": "\tYou\u0027re ",
        "userDefined": false
      },
      {
        "text": "right",
        "meta": "@r_teacher",
        "alias": "r_teacher",
        "userDefined": false
      },
      {
        "text": ". You did a ",
        "userDefined": false
      },
      {
        "text": "great",
        "meta": "@r_praise",
        "alias": "r_praise",
        "userDefined": false
      },
      {
        "text": " job with with understanding what water is even. How can it be valuable for us on the moon.",
        "userDefined": false
      }
    ],
    "isTemplate": false,
    "count": 1,
    "lang": "en",
    "updated": 0
  },
  {
    "id": "c74d2ee5-a03a-4faa-a7b1-ec1ff5e807a7",
    "data": [
      {
        "text": "Oh, it\u0027s awesome.",
        "userDefined": false
      }
    ],
    "isTemplate": false,
    "count": 0,
    "lang": "en",
    "updated": 0
  }
]