[
  {
    "id": "60aa6e63-2b0c-46a4-ab0e-a588203d6bda",
    "data": [
      {
        "text": "You",
        "userDefined": false
      },
      {
        "text": "\u0027re ",
        "userDefined": false
      },
      {
        "text": "right",
        "meta": "@r_polarity",
        "alias": "r_polarity",
        "userDefined": false
      },
      {
        "text": ". ",
        "userDefined": false
      },
      {
        "text": "You",
        "userDefined": false
      },
      {
        "text": " did a ",
        "userDefined": false
      },
      {
        "text": "great",
        "meta": "@r_praise",
        "alias": "r_praise",
        "userDefined": false
      },
      {
        "text": " job with with understanding ",
        "userDefined": false
      },
      {
        "text": "what",
        "meta": "@r_ask",
        "alias": "r_ask",
        "userDefined": false
      },
      {
        "text": " ",
        "userDefined": false
      },
      {
        "text": "water",
        "meta": "@r_concept",
        "alias": "r_concept",
        "userDefined": false
      },
      {
        "text": " . ",
        "userDefined": false
      },
      {
        "text": "How can",
        "userDefined": false
      },
      {
        "text": " it be valuable for us on the moon.",
        "userDefined": false
      }
    ],
    "isTemplate": false,
    "count": 0,
    "lang": "en",
    "updated": 0
  }
]