[
  {
    "id": "8b7cb219-d319-4b48-b75a-5dc2c68fe2b9",
    "data": [
      {
        "text": "That ",
        "userDefined": false
      },
      {
        "text": "water",
        "meta": "@r_who",
        "alias": "r_who",
        "userDefined": false
      },
      {
        "text": " on the ",
        "userDefined": false
      },
      {
        "text": "moon",
        "meta": "@r_concept",
        "alias": "r_concept",
        "userDefined": true
      },
      {
        "text": " could be valuable. It can be of use for the ",
        "userDefined": false
      },
      {
        "text": "astronauts",
        "meta": "@sys.person",
        "alias": "person",
        "userDefined": true
      },
      {
        "text": " so ",
        "userDefined": false
      },
      {
        "text": "Jazmin",
        "meta": "@sys.person",
        "alias": "person",
        "userDefined": false
      },
      {
        "text": ", you stated that there was ",
        "userDefined": false
      },
      {
        "text": "not",
        "meta": "@r_polarity",
        "alias": "r_polarity",
        "userDefined": false
      },
      {
        "text": " convincing ",
        "userDefined": false
      },
      {
        "text": "evidence",
        "meta": "@r_concept",
        "alias": "r_concept",
        "userDefined": true
      },
      {
        "text": " is that correct",
        "userDefined": false
      }
    ],
    "isTemplate": false,
    "count": 0,
    "lang": "en",
    "updated": 0
  },
  {
    "id": "9574a76f-8f66-49da-81eb-606c4dcae3be",
    "data": [
      {
        "text": "Chris",
        "meta": "@r_who",
        "alias": "r_who",
        "userDefined": false
      },
      {
        "text": ". ",
        "userDefined": false
      },
      {
        "text": "How",
        "userDefined": false
      },
      {
        "text": " about ",
        "userDefined": false
      },
      {
        "text": "you",
        "userDefined": false
      },
      {
        "text": ", ",
        "userDefined": false
      },
      {
        "text": "why",
        "meta": "@r_ask",
        "alias": "r_ask",
        "userDefined": false
      },
      {
        "text": " ",
        "userDefined": false
      },
      {
        "text": "you",
        "userDefined": false
      },
      {
        "text": " read. Read your story. ",
        "userDefined": false
      },
      {
        "text": "What",
        "meta": "@r_ask",
        "alias": "r_ask",
        "userDefined": false
      },
      {
        "text": " did ",
        "userDefined": false
      },
      {
        "text": "you",
        "userDefined": false
      },
      {
        "text": " find",
        "userDefined": false
      }
    ],
    "isTemplate": false,
    "count": 0,
    "lang": "en",
    "updated": 0
  },
  {
    "id": "40d67739-bb77-44f4-a5ae-4c45c1161067",
    "data": [
      {
        "text": "Chris",
        "meta": "@r_who",
        "alias": "r_who",
        "userDefined": false
      },
      {
        "text": ". ",
        "userDefined": false
      },
      {
        "text": "How",
        "meta": "@r_polarity",
        "alias": "r_polarity",
        "userDefined": false
      },
      {
        "text": " about ",
        "userDefined": false
      },
      {
        "text": "you",
        "userDefined": false
      },
      {
        "text": ", ",
        "userDefined": false
      },
      {
        "text": "while",
        "meta": "@r_ask",
        "alias": "r_ask",
        "userDefined": false
      },
      {
        "text": " ",
        "userDefined": false
      },
      {
        "text": "you",
        "userDefined": false
      },
      {
        "text": " read your story, ",
        "userDefined": false
      },
      {
        "text": "What",
        "meta": "@r_ask",
        "alias": "r_ask1",
        "userDefined": false
      },
      {
        "text": " did ",
        "userDefined": false
      },
      {
        "text": "you",
        "userDefined": false
      },
      {
        "text": " find",
        "userDefined": false
      }
    ],
    "isTemplate": false,
    "count": 0,
    "lang": "en",
    "updated": 0
  },
  {
    "id": "dcc3dd70-b3b8-4c4b-ac10-ffef9d0e6149",
    "data": [
      {
        "text": "Oliver",
        "meta": "@r_who",
        "alias": "r_who",
        "userDefined": false
      },
      {
        "text": ", ",
        "userDefined": false
      },
      {
        "text": "what",
        "meta": "@r_ask",
        "alias": "r_ask",
        "userDefined": false
      },
      {
        "text": " did ",
        "userDefined": false
      },
      {
        "text": "you",
        "userDefined": false
      },
      {
        "text": " see ",
        "userDefined": false
      },
      {
        "text": "why",
        "meta": "@r_ask",
        "alias": "r_ask1",
        "userDefined": false
      },
      {
        "text": " ",
        "userDefined": false
      },
      {
        "text": "you",
        "userDefined": false
      },
      {
        "text": " were reading",
        "userDefined": false
      }
    ],
    "isTemplate": false,
    "count": 0,
    "lang": "en",
    "updated": 0
  }
]