[
  {
    "id": "46725fb0-5d3e-49ec-9878-fe5872d8084e",
    "data": [
      {
        "text": "We\u0027re gonna follow up with the question of ",
        "userDefined": false
      },
      {
        "text": "is",
        "userDefined": false
      },
      {
        "text": " ",
        "userDefined": false
      },
      {
        "text": "there",
        "userDefined": false
      },
      {
        "text": " convincing ",
        "userDefined": false
      },
      {
        "text": "evidence",
        "meta": "@r_concept",
        "alias": "r_concept",
        "userDefined": true
      },
      {
        "text": " that ",
        "userDefined": false
      },
      {
        "text": "water",
        "meta": "@r_concept",
        "alias": "r_concept",
        "userDefined": false
      },
      {
        "text": " on ",
        "userDefined": false
      },
      {
        "text": "the name",
        "userDefined": false
      },
      {
        "text": " ",
        "userDefined": false
      },
      {
        "text": "could",
        "userDefined": false
      },
      {
        "text": " be valuable.",
        "userDefined": false
      }
    ],
    "isTemplate": false,
    "count": 0,
    "lang": "en",
    "updated": 0
  },
  {
    "id": "33024526-92c0-41fb-9b41-662c864c9513",
    "data": [
      {
        "text": "So the question is asking us what ",
        "userDefined": false
      },
      {
        "text": "equipment",
        "meta": "@r_concept",
        "alias": "r_concept",
        "userDefined": true
      },
      {
        "text": " did ",
        "userDefined": false
      },
      {
        "text": "scientists",
        "meta": "@r_people",
        "alias": "r_people",
        "userDefined": true
      },
      {
        "text": " used to discover the ",
        "userDefined": false
      },
      {
        "text": "water",
        "meta": "@r_concept",
        "alias": "r_concept",
        "userDefined": true
      },
      {
        "text": " on the ",
        "userDefined": false
      },
      {
        "text": "moon",
        "meta": "@r_concept",
        "alias": "r_concept",
        "userDefined": true
      },
      {
        "text": ". And it asked you to circle the ",
        "userDefined": false
      },
      {
        "text": "evidence",
        "meta": "@r_concept",
        "alias": "r_concept",
        "userDefined": true
      },
      {
        "text": " in the ",
        "userDefined": false
      },
      {
        "text": "text",
        "meta": "@r_info",
        "alias": "r_info",
        "userDefined": true
      },
      {
        "text": ".",
        "userDefined": false
      }
    ],
    "isTemplate": false,
    "count": 0,
    "lang": "en",
    "updated": 0
  }
]