[
  {
    "id": "736cca91-d416-4b5e-869a-b3d17ce75318",
    "data": [
      {
        "text": "And that\u0027s ",
        "userDefined": false
      },
      {
        "text": "what",
        "userDefined": false
      },
      {
        "text": " they helped find ",
        "userDefined": false
      },
      {
        "text": "water",
        "meta": "@r_concept",
        "alias": "r_concept",
        "userDefined": false
      }
    ],
    "isTemplate": false,
    "count": 0,
    "lang": "en",
    "updated": 0
  },
  {
    "id": "a911223e-690d-4eb7-8791-247c6fda8da3",
    "data": [
      {
        "text": "Okay",
        "userDefined": false
      },
      {
        "text": ", ",
        "userDefined": false
      },
      {
        "text": "while",
        "userDefined": false
      },
      {
        "text": " ",
        "userDefined": false
      },
      {
        "text": "you",
        "meta": "@r_who",
        "alias": "r_who",
        "userDefined": false
      },
      {
        "text": " were reading near the ",
        "userDefined": false
      },
      {
        "text": "top",
        "userDefined": false
      },
      {
        "text": ", it does talk about a ",
        "userDefined": false
      },
      {
        "text": "small",
        "meta": "@r_polarity",
        "alias": "r_polarity2",
        "userDefined": false
      },
      {
        "text": " ",
        "userDefined": false
      },
      {
        "text": "machine",
        "meta": "@r_concept",
        "alias": "r_concept",
        "userDefined": false
      },
      {
        "text": " that help ",
        "userDefined": false
      },
      {
        "text": "NASA",
        "userDefined": false
      },
      {
        "text": " find ",
        "userDefined": false
      },
      {
        "text": "water",
        "meta": "@r_concept",
        "alias": "r_concept1",
        "userDefined": false
      },
      {
        "text": " and it ",
        "userDefined": false
      },
      {
        "text": "is",
        "userDefined": false
      },
      {
        "text": " called a lunar orbiter.",
        "userDefined": false
      }
    ],
    "isTemplate": false,
    "count": 0,
    "lang": "en",
    "updated": 0
  }
]