[
  {
    "id": "c594ac59-0d1a-43b6-8a58-4df2e059c0ff",
    "data": [
      {
        "text": "Have you ever seen something through a ",
        "userDefined": false
      },
      {
        "text": "microscope",
        "meta": "@r_concept",
        "alias": "r_concept",
        "userDefined": false
      },
      {
        "text": ".",
        "userDefined": false
      }
    ],
    "isTemplate": false,
    "count": 0,
    "lang": "en",
    "updated": 0
  },
  {
    "id": "9b87ebf5-b1f6-44f2-b5f5-c0e041edbbbe",
    "data": [
      {
        "text": "How do you convince people that you\u0027re the ",
        "userDefined": false
      },
      {
        "text": "best",
        "meta": "@r_polarity",
        "alias": "r_polarity",
        "userDefined": true
      },
      {
        "text": " at ",
        "userDefined": false
      },
      {
        "text": "Minecraft",
        "meta": "@r_concept",
        "alias": "r_concept",
        "userDefined": true
      },
      {
        "text": ". ",
        "userDefined": false
      },
      {
        "text": "What",
        "meta": "@r_ask",
        "alias": "r_ask",
        "userDefined": true
      },
      {
        "text": " do you say,",
        "userDefined": false
      }
    ],
    "isTemplate": false,
    "count": 0,
    "lang": "en",
    "updated": 0
  },
  {
    "id": "61df5caf-9c36-410e-988a-3fe7bd09f38e",
    "data": [
      {
        "text": "Well, you actually show them by beating them in the game. ",
        "userDefined": false
      },
      {
        "text": "Right",
        "meta": "@r_polarity",
        "alias": "r_polarity",
        "userDefined": false
      },
      {
        "text": ". So you\u0027re using actions, instead of ",
        "userDefined": false
      },
      {
        "text": "words",
        "meta": "@r_concept",
        "alias": "r_concept",
        "userDefined": true
      },
      {
        "text": " to convince them.",
        "userDefined": false
      }
    ],
    "isTemplate": false,
    "count": 0,
    "lang": "en",
    "updated": 0
  }
]