[
  {
    "id": "49d6c54f-ce88-4a96-a4f4-bb54da59cec5",
    "data": [
      {
        "text": "Okay, but I think that we always can learn something.",
        "userDefined": false
      }
    ],
    "isTemplate": false,
    "count": 4,
    "lang": "en",
    "updated": 0
  },
  {
    "id": "c12e271d-fb23-4ac9-894c-9c41739bb6c1",
    "data": [
      {
        "text": "How about you, ",
        "userDefined": false
      },
      {
        "text": "Luis",
        "meta": "@r_who",
        "alias": "r_who",
        "userDefined": true
      },
      {
        "text": " will you ",
        "userDefined": false
      },
      {
        "text": "read",
        "meta": "@r_action",
        "alias": "r_action",
        "userDefined": true
      },
      {
        "text": " it for me.",
        "userDefined": false
      }
    ],
    "isTemplate": false,
    "count": 0,
    "lang": "en",
    "updated": 0
  }
]