[
  {
    "id": "34d6a483-c711-4cba-a694-07175301054e",
    "data": [
      {
        "text": "So we ",
        "userDefined": false
      },
      {
        "text": "think of",
        "userDefined": false
      },
      {
        "text": " convincing ",
        "userDefined": false
      },
      {
        "text": "evidence",
        "meta": "@r_concept",
        "alias": "r_concept",
        "userDefined": true
      },
      {
        "text": ". ",
        "userDefined": false
      },
      {
        "text": "What",
        "meta": "@r_ask",
        "alias": "r_ask",
        "userDefined": false
      },
      {
        "text": " does that ",
        "userDefined": false
      },
      {
        "text": "mean",
        "userDefined": false
      },
      {
        "text": " to ",
        "userDefined": false
      },
      {
        "text": "you",
        "userDefined": false
      },
      {
        "text": ", ",
        "userDefined": false
      },
      {
        "text": "Farrah",
        "meta": "@r_who",
        "alias": "r_who",
        "userDefined": false
      },
      {
        "text": ".",
        "userDefined": false
      }
    ],
    "isTemplate": false,
    "count": 0,
    "lang": "en",
    "updated": 0
  },
  {
    "id": "3e027ccf-c1e5-413d-a73d-5b13e9d457e8",
    "data": [
      {
        "text": "What",
        "meta": "@r_ask",
        "alias": "r_ask",
        "userDefined": false
      },
      {
        "text": " does convincing ",
        "userDefined": false
      },
      {
        "text": "mean",
        "meta": "@r_ask",
        "alias": "r_ask",
        "userDefined": true
      }
    ],
    "isTemplate": false,
    "count": 0,
    "lang": "en",
    "updated": 0
  },
  {
    "id": "dbdde47a-5994-4611-ab0b-2617f5f4c079",
    "data": [
      {
        "text": "So we\u0027re talking about convincing ",
        "userDefined": false
      },
      {
        "text": "evidence",
        "meta": "@r_concept",
        "alias": "r_concept",
        "userDefined": true
      },
      {
        "text": ".",
        "userDefined": false
      }
    ],
    "isTemplate": false,
    "count": 1,
    "lang": "en",
    "updated": 0
  },
  {
    "id": "61ebb2ab-9ba2-4b1b-abcd-ad944bdf7e5a",
    "data": [
      {
        "text": "Evidence",
        "meta": "@r_concept",
        "alias": "r_concept",
        "userDefined": true
      },
      {
        "text": " means ",
        "userDefined": false
      },
      {
        "text": "information",
        "meta": "@r_info",
        "alias": "r_info",
        "userDefined": true
      },
      {
        "text": " that supports the ",
        "userDefined": false
      },
      {
        "text": "statement",
        "meta": "@r_info",
        "alias": "r_info",
        "userDefined": true
      },
      {
        "text": " being made.",
        "userDefined": false
      }
    ],
    "isTemplate": false,
    "count": 0,
    "lang": "en",
    "updated": 0
  },
  {
    "id": "0c4cc9b4-9b6c-404a-b889-25f0ddc4ec14",
    "data": [
      {
        "text": "So we\u0027re going to look at the ",
        "userDefined": false
      },
      {
        "text": "evidence",
        "meta": "@r_concept",
        "alias": "r_concept",
        "userDefined": true
      },
      {
        "text": ", the ",
        "userDefined": false
      },
      {
        "text": "information",
        "meta": "@r_info",
        "alias": "r_info",
        "userDefined": true
      },
      {
        "text": " that supports.",
        "userDefined": false
      }
    ],
    "isTemplate": false,
    "count": 0,
    "lang": "en",
    "updated": 0
  }
]