[
  {
    "id": "bdbf187f-5743-4e8e-92c7-eb7b9692e605",
    "data": [
      {
        "text": "And ",
        "userDefined": false
      },
      {
        "text": "one",
        "userDefined": false
      },
      {
        "text": " way ",
        "userDefined": false
      },
      {
        "text": "astronauts",
        "meta": "@r_people",
        "alias": "r_people",
        "userDefined": true
      },
      {
        "text": " ",
        "userDefined": false
      },
      {
        "text": "could",
        "userDefined": false
      },
      {
        "text": " do ",
        "userDefined": false
      },
      {
        "text": "what",
        "userDefined": false
      },
      {
        "text": " with the ",
        "userDefined": false
      },
      {
        "text": "water",
        "meta": "@r_concept",
        "alias": "r_concept",
        "userDefined": false
      }
    ],
    "isTemplate": false,
    "count": 0,
    "lang": "en",
    "updated": 0
  }
]