[
  {
    "id": "962015f1-966c-4915-b681-eae2a215b9f1",
    "data": [
      {
        "text": "What",
        "meta": "@r_ask",
        "alias": "r_ask",
        "userDefined": false
      },
      {
        "text": " makes ",
        "userDefined": false
      },
      {
        "text": "you",
        "userDefined": false
      },
      {
        "text": " believe that ",
        "userDefined": false
      },
      {
        "text": "there",
        "userDefined": false
      },
      {
        "text": "\u0027s ",
        "userDefined": false
      },
      {
        "text": "not",
        "meta": "@r_polarity",
        "alias": "r_polarity",
        "userDefined": false
      },
      {
        "text": " enough convincing ",
        "userDefined": false
      },
      {
        "text": "evidence",
        "meta": "@r_concept",
        "alias": "r_concept",
        "userDefined": true
      }
    ],
    "isTemplate": false,
    "count": 0,
    "lang": "en",
    "updated": 0
  },
  {
    "id": "97ad6c97-c580-4b69-a259-517d7716b98a",
    "data": [
      {
        "text": "And you say that there wasn\u0027t enough convincing evidence.",
        "userDefined": false
      }
    ],
    "isTemplate": false,
    "count": 0,
    "lang": "en",
    "updated": 0
  }
]