[
  {
    "id": "1037e041-3b78-466d-8f86-9258f1a829cd",
    "data": [
      {
        "text": "So there has to be more ",
        "userDefined": false
      },
      {
        "text": "knowledge",
        "meta": "@r_info",
        "alias": "r_info",
        "userDefined": true
      },
      {
        "text": " they have to provide ",
        "userDefined": false
      },
      {
        "text": "more",
        "meta": "@r_polarity",
        "alias": "r_polarity",
        "userDefined": true
      },
      {
        "text": " knowledge than what you have",
        "userDefined": false
      }
    ],
    "isTemplate": false,
    "count": 0,
    "lang": "en",
    "updated": 0
  },
  {
    "id": "7c5927f9-8500-4f0c-bcc8-318109d3834f",
    "data": [
      {
        "text": "So it\u0027s something that Needs to be ",
        "userDefined": false
      },
      {
        "text": "stated",
        "meta": "@r_action",
        "alias": "r_action",
        "userDefined": true
      },
      {
        "text": " it in a way that ",
        "userDefined": false
      },
      {
        "text": "you",
        "userDefined": false
      },
      {
        "text": " can believe it\u0027s ",
        "userDefined": false
      },
      {
        "text": "right",
        "meta": "@r_polarity",
        "alias": "r_polarity",
        "userDefined": false
      },
      {
        "text": ".",
        "userDefined": false
      }
    ],
    "isTemplate": false,
    "count": 0,
    "lang": "en",
    "updated": 0
  },
  {
    "id": "3312051d-d0e8-4504-b723-743c3aabf80a",
    "data": [
      {
        "text": "Okay",
        "meta": "@r_polarity",
        "alias": "r_polarity",
        "userDefined": false
      },
      {
        "text": ", so they\u0027re making statements to make ",
        "userDefined": false
      },
      {
        "text": "you",
        "meta": "@r_who",
        "alias": "r_who",
        "userDefined": false
      },
      {
        "text": " believe something",
        "userDefined": false
      }
    ],
    "isTemplate": false,
    "count": 0,
    "lang": "en",
    "updated": 0
  },
  {
    "id": "c2508d6b-9c6f-4e87-9667-2360f5c5d130",
    "data": [
      {
        "text": "And that\u0027s something that\u0027s valuable to them because we all have to have water to stay ",
        "userDefined": false
      },
      {
        "text": "hydrated",
        "meta": "@r_concept",
        "alias": "r_concept",
        "userDefined": true
      },
      {
        "text": ".",
        "userDefined": false
      }
    ],
    "isTemplate": false,
    "count": 0,
    "lang": "en",
    "updated": 0
  },
  {
    "id": "21ec17db-ef9a-4dff-96d7-da71d8a1132e",
    "data": [
      {
        "text": "That ",
        "userDefined": false
      },
      {
        "text": "water",
        "meta": "@r_who",
        "alias": "r_who",
        "userDefined": false
      },
      {
        "text": " on the moon could be valuable. It can be of use for the astronauts so ",
        "userDefined": false
      },
      {
        "text": "Jazmin",
        "meta": "@sys.person",
        "alias": "person",
        "userDefined": false
      },
      {
        "text": ", you stated that there was ",
        "userDefined": false
      },
      {
        "text": "not",
        "meta": "@r_polarity",
        "alias": "r_polarity",
        "userDefined": false
      },
      {
        "text": " convincing evidence is that correct",
        "userDefined": false
      }
    ],
    "isTemplate": false,
    "count": 0,
    "lang": "en",
    "updated": 0
  }
]