[
  {
    "id": "dd14dc21-683d-43e9-9d41-ee48d51d17f8",
    "data": [
      {
        "text": "Good job",
        "meta": "@r_praise",
        "alias": "r_praise",
        "userDefined": false
      },
      {
        "text": " so ",
        "userDefined": false
      },
      {
        "text": "you",
        "userDefined": false
      },
      {
        "text": " may be redirected and rethought your ",
        "userDefined": false
      },
      {
        "text": "answer",
        "meta": "@r_action",
        "alias": "r_action",
        "userDefined": true
      },
      {
        "text": ".",
        "userDefined": false
      }
    ],
    "isTemplate": false,
    "count": 0,
    "lang": "en",
    "updated": 0
  },
  {
    "id": "8b9094fd-34f0-4867-8c79-b3429db99d7a",
    "data": [
      {
        "text": "And so ",
        "userDefined": false
      },
      {
        "text": "you",
        "userDefined": false
      },
      {
        "text": " looked back at the tech ",
        "userDefined": false
      },
      {
        "text": "stuff",
        "meta": "@r_concept",
        "alias": "r_concept",
        "userDefined": true
      },
      {
        "text": " on if ",
        "userDefined": false
      },
      {
        "text": "there",
        "userDefined": false
      },
      {
        "text": " was convincing ",
        "userDefined": false
      },
      {
        "text": "evidence",
        "meta": "@r_concept",
        "alias": "r_concept",
        "userDefined": true
      },
      {
        "text": " that ",
        "userDefined": false
      },
      {
        "text": "water",
        "meta": "@r_concept",
        "alias": "r_concept",
        "userDefined": false
      },
      {
        "text": " ",
        "userDefined": false
      },
      {
        "text": "can",
        "userDefined": false
      },
      {
        "text": " be valuable.",
        "userDefined": false
      }
    ],
    "isTemplate": false,
    "count": 0,
    "lang": "en",
    "updated": 0
  }
]