{
    "data": {
        "lookups": [
            "keywords"
        ],
        "name": "action",
        "lang": "en",
        "id": "action",
        "doc": "User-defined entity",
        "builtin": false,
        "values": [
            {
                "value": "firstSlide",
                "expressions": [
                    "zero side",
                    "restart side",
                    "reset side",
                    "beginning side",
                    "begin side",
                    "first side",
                    "beginning slide",
                    "slide zero",
                    "first slide",
                    "reset slide",
                    "restart slide",
                    "begin slide",
                    "start slide"
                ]
            },
            {
                "value": "lastSlide",
                "expressions": [
                    "previous side",
                    "last side",
                    "previous slide",
                    "last slide"
                ]
            },
            {
                "value": "nextSlide",
                "expressions": [
                    "next side",
                    "advance side",
                    "advance slide",
                    "next slide"
                ]
            },
            {
                "value": "headCenter",
                "expressions": [
                    "pay attention",
                    "look at me",
                    "eyes front",
                    "head center",
                    "head Center"
                ]
            },
            {
                "value": "headRight",
                "expressions": [
                    "heads right",
                    "head right"
                ]
            },
            {
                "value": "headLeft",
                "expressions": [
                    "heads left",
                    "turn head",
                    "head left"
                ]
            },
            {
                "value": "headDown",
                "expressions": [
                    "heads down",
                    "look down",
                    "lower head",
                    "head down"
                ]
            },
            {
                "value": "headUp",
                "expressions": [
                    "look up",
                    "raise head",
                    "head up"
                ]
            },
            {
                "value": "twistRight",
                "expressions": [
                    "twist right",
                    "twist"
                ]
            },
            {
                "value": "twistLeft",
                "expressions": [
                    "twist around",
                    "twist left"
                ]
            },
            {
                "value": "fidgetStop",
                "expressions": [
                    "stop squirming",
                    "stop fidgeting",
                    "stop fidget"
                ]
            },
            {
                "value": "fidget",
                "expressions": [
                    "fidget",
                    "figured"
                ]
            },
            {
                "value": "handDown",
                "expressions": [
                    "hands down",
                    "arm down",
                    "hand down",
                    "and down",
                    "down"
                ]
            },
            {
                "value": "handUp",
                "expressions": [
                    "hands up",
                    "arm up",
                    "hand up"
                ]
            },
            {
                "value": "sleep",
                "expressions": [
                    "snooze",
                    "sleep"
                ]
            },
            {
                "value": "nodNo",
                "expressions": [
                    "nod no"
                ]
            },
            {
                "value": "nodYes",
                "expressions": [
                    "nod yes"
                ]
            },
            {
                "value": "wave",
                "expressions": [
                    "wave"
                ]
            },
            {
                "value": "stand",
                "expressions": [
                    "stand",
                    "please stand"
                ]
            },
            {
                "value": "sit",
                "expressions": [
                    "wake up",
                    "set",
                    "seat",
                    "sit",
                    "down",
                    "pay attention",
                    "setup"
                ]
            }
        ]
    }
}
