{
    "data": {
        "lookups": [
            "keywords"
        ],
        "name": "classroom",
        "lang": "en",
        "id": "classroom",
        "doc": "User-defined entity",
        "builtin": false,
        "values": [
            {
                "value": "done",
                "expressions": [
                    "we're done",
                    "class is over"
                ]
            },
            {
                "value": "start",
                "expressions": [
                    "started",
                    "begin",
                    "let's begin",
                    "let's start",
                    "let us begin",
                    "let us start"
                ]
            }
        ]
    }
}
