{
    "data": {
        "lookups": [
            "keywords"
        ],
        "name": "concept",
        "lang": "en",
        "id": "concept",
        "doc": "User-defined entity",
        "builtin": false,
        "values": [
            {
                "value": "idea",
                "expressions": [
                    "belief",
                    "idea"
                ]
            },
            {
                "value": "rule",
                "expressions": [
                    "plan",
                    "theory",
                    "maxim",
                    "basis",
                    "regulation",
                    "law",
                    "algorithm",
                    "guideline",
                    "rule"
                ]
            }
        ]
    }
}
