{
    "data": {
        "lookups": [
            "keywords"
        ],
        "name": "math",
        "lang": "en",
        "id": "math",
        "doc": "User-defined entity",
        "builtin": false,
        "values": [
            {
                "value": "decimal",
                "expressions": [
                    "point",
                    "dot",
                    "decimal"
                ]
            },
            {
                "value": "fraction",
                "expressions": [
                    "over",
                    "fraction"
                ]
            },
            {
                "value": "squareRoot",
                "expressions": [
                    "root",
                    "square root",
                    "square"
                ]
            },
            {
                "value": "multiply",
                "expressions": [
                    "*",
                    "times",
                    "multiplied",
                    "multiplication",
                    "multiply"
                ]
            },
            {
                "value": "divide",
                "expressions": [
                    "divide by",
                    "\/",
                    "divide",
                    "divided by",
                    "division"
                ]
            },
            {
                "value": "subtract",
                "expressions": [
                    "-",
                    "take away",
                    "less",
                    "minus",
                    "subtraction",
                    "subtractin"
                ]
            },
            {
                "value": "add",
                "expressions": [
                    "+",
                    "combine",
                    "add",
                    "adding",
                    "addition"
                ]
            }
        ]
    }
}
