{
    "data": {
        "lookups": [
            "keywords"
        ],
        "name": "polarity",
        "lang": "en",
        "id": "polarity",
        "doc": "User-defined entity",
        "builtin": false,
        "values": [
            {
                "value": "bigger",
                "expressions": [
                    "thicker",
                    "thick",
                    "more",
                    "high",
                    "fat",
                    "fatter",
                    "wider",
                    "heavier",
                    "taller",
                    "higher",
                    "greater",
                    "bigger"
                ]
            },
            {
                "value": "smaller",
                "expressions": [
                    "thinner",
                    "less",
                    "low",
                    "thin",
                    "lighter",
                    "shorter",
                    "lower",
                    "littler",
                    "smaller"
                ]
            },
            {
                "value": "maybe",
                "expressions": [
                    "perhaps",
                    "could",
                    "might",
                    "maybe"
                ]
            },
            {
                "value": "no",
                "expressions": [
                    "shouldn't",
                    "should not",
                    "won't",
                    "non",
                    "no",
                    "will not",
                    "can not",
                    "isn't",
                    "is not",
                    "not",
                    "can't"
                ]
            },
            {
                "value": "yes",
                "expressions": [
                    "surely",
                    "truly",
                    "without a doubt",
                    "definitely",
                    "should",
                    "will",
                    "yes",
                    "Yes"
                ]
            }
        ]
    }
}
