{
    "data": {
        "lookups": [
            "keywords"
        ],
        "name": "polarity",
        "lang": "en",
        "id": "polarity",
        "doc": "User-defined entity",
        "builtin": false,
        "values": [
            {
                "value": "maybe",
                "expressions": [
                    "perhaps",
                    "could",
                    "might",
                    "maybe"
                ]
            },
            {
                "value": "no",
                "expressions": [
                    "shouldn'y",
                    "should not",
                    "won't",
                    "non",
                    "no",
                    "will not",
                    "can not",
                    "isn't",
                    "is not",
                    "not",
                    "can't"
                ]
            },
            {
                "value": "yes",
                "expressions": [
                    "should",
                    "will",
                    "is",
                    "can",
                    "yes"
                ]
            }
        ]
    }
}
