{
    "data": {
        "lookups": [
            "keywords"
        ],
        "name": "praise",
        "lang": "en",
        "id": "praise",
        "doc": "User-defined entity",
        "builtin": false,
        "values": [
            {
                "value": "bad",
                "expressions": [
                    "not correct",
                    "wrong",
                    "not right",
                    "sorry",
                    "bad",
                    "Sorry"
                ]
            },
            {
                "value": "good",
                "expressions": [
                    "right",
                    "perfect",
                    "well done",
                    "great",
                    "nice work",
                    "good job",
                    "good"
                ]
            }
        ]
    }
}
