{
    "data": {
        "lookups": [
            "keywords"
        ],
        "name": "response",
        "lang": "en",
        "id": "response",
        "doc": "User-defined entity",
        "builtin": false,
        "values": [
            {
                "value": "agree",
                "expressions": [
                    "concur",
                    "agree"
                ]
            },
            {
                "value": "wrong",
                "expressions": [
                    "innacurate",
                    "not right",
                    "incorrect",
                    "wrong"
                ]
            },
            {
                "value": "right",
                "expressions": [
                    "accurate",
                    "correct",
                    "right"
                ]
            },
            {
                "value": "opinion",
                "expressions": [
                    "hypothesis",
                    "idea",
                    "thought",
                    "opinion",
                    "think"
                ]
            },
            {
                "value": "answer",
                "expressions": [
                    "restate",
                    "summarize",
                    "recap",
                    "summary",
                    "relate",
                    "understand",
                    "see",
                    "is",
                    "equals",
                    "equal",
                    "evaluate",
                    "think",
                    "reaction",
                    "claim",
                    "remark",
                    "statement",
                    "rebuttal",
                    "observation",
                    "assertion",
                    "report",
                    "interpretation",
                    "solution",
                    "response",
                    "comment",
                    "explanation",
                    "product",
                    "outcome",
                    "decision",
                    "decide",
                    "conclusion",
                    "value",
                    "answer",
                    "result"
                ]
            }
        ]
    }
}
