{
    "data": {
        "lookups": [
            "keywords"
        ],
        "name": "stats",
        "lang": "en",
        "id": "stats",
        "doc": "User-defined entity",
        "builtin": false,
        "values": [
            {
                "value": "descriptive",
                "expressions": [
                    "range",
                    "mode",
                    "median",
                    "average",
                    "mean",
                    "basic"
                ]
            },
            {
                "value": "summary",
                "expressions": [
                    "correlation",
                    "correlate",
                    "ANOVA",
                    "effect size"
                ]
            },
            {
                "value": "variance",
                "expressions": [
                    "range",
                    "distribution",
                    "covariance",
                    "standard deviation",
                    "variance"
                ]
            }
        ]
    }
}
