{
    "data": {
        "lookups": [
            "keywords"
        ],
        "name": "step",
        "lang": "en",
        "id": "step",
        "doc": "User-defined entity",
        "builtin": false,
        "values": [
            {
                "value": "0",
                "expressions": [
                    "step completed",
                    "step complete",
                    "step end",
                    "step ended",
                    "step finished",
                    "step over",
                    "step done"
                ]
            },
            {
                "value": "9",
                "expressions": [
                    "step nine",
                    "step 9"
                ]
            },
            {
                "value": "8",
                "expressions": [
                    "step ate",
                    "step eight",
                    "step 8"
                ]
            },
            {
                "value": "7",
                "expressions": [
                    "step seven",
                    "step 7"
                ]
            },
            {
                "value": "6",
                "expressions": [
                    "step sex",
                    "step six",
                    "step 6"
                ]
            },
            {
                "value": "5",
                "expressions": [
                    "step five",
                    "step 5"
                ]
            },
            {
                "value": "4",
                "expressions": [
                    "step for",
                    "step four",
                    "step 4",
                    "forward"
                ]
            },
            {
                "value": "3",
                "expressions": [
                    "step three",
                    "step 3"
                ]
            },
            {
                "value": "2",
                "expressions": [
                    "step two",
                    "step 2",
                    "Step 2"
                ]
            },
            {
                "value": "1",
                "expressions": [
                    "step one",
                    "step 1"
                ]
            }
        ]
    }
}
