{
    "data": {
        "lookups": [
            "free-text",
            "keywords"
        ],
        "name": "who",
        "lang": "en",
        "id": "who",
        "doc": "User-defined entity",
        "builtin": false,
        "values": [
            {
                "value": "all",
                "expressions": [
                    "everyone",
                    "you kids",
                    "everybody",
                    "U-haul",
                    "uhaul",
                    "you people",
                    "you guys",
                    "y'all",
                    "you all"
                ]
            },
            {
                "value": "class",
                "expressions": [
                    "anybody",
                    "somebody",
                    "someone",
                    "who",
                    "anyone",
                    "who knows",
                    "kids",
                    "people",
                    "class",
                    "children"
                ]
            },
            {
                "value": "Freddy",
                "expressions": [
                    "pretty",
                    "Freddy",
                    "freddy",
                    "Freddie"
                ]
            },
            {
                "value": "Sara",
                "expressions": [
                    "sir",
                    "siri",
                    "Sarah",
                    "Sara",
                    "sarah",
                    "sara",
                    "Tara",
                    "Siri"
                ]
            },
            {
                "value": "Robert",
                "expressions": [
                    "Robbie",
                    "Roberts",
                    "Rob",
                    "Robert",
                    "robert",
                    "Robertson",
                    "rob",
                    "robber"
                ]
            },
            {
                "value": "Liza",
                "expressions": [
                    "Plaza",
                    "Liza",
                    "liza",
                    "mysa",
                    "lies",
                    "Eliza",
                    "Elijah",
                    "Lisa"
                ]
            }
        ]
    }
}
