{
    "data": {
        "lookups": [
            "free-text",
            "keywords"
        ],
        "name": "action",
        "lang": "en",
        "id": "action",
        "doc": "User-defined entity",
        "builtin": false,
        "values": [
            {
                "value": "headCenter",
                "expressions": [
                    "pay attention",
                    "look at me",
                    "eyes front",
                    "head center",
                    "head Center"
                ]
            },
            {
                "value": "headRight",
                "expressions": [
                    "head right"
                ]
            },
            {
                "value": "headLeft",
                "expressions": [
                    "turn head",
                    "head left"
                ]
            },
            {
                "value": "headDown",
                "expressions": [
                    "look down",
                    "lower head",
                    "head down"
                ]
            },
            {
                "value": "headUp",
                "expressions": [
                    "look up",
                    "raise head",
                    "head up"
                ]
            },
            {
                "value": "twistRight",
                "expressions": [
                    "twist right",
                    "twist"
                ]
            },
            {
                "value": "twistLeft",
                "expressions": [
                    "twist around",
                    "twist left"
                ]
            },
            {
                "value": "fidgetStop",
                "expressions": [
                    "stop squirming",
                    "stop fidgeting",
                    "stop fidget"
                ]
            },
            {
                "value": "fidget",
                "expressions": [
                    "fidget"
                ]
            },
            {
                "value": "say",
                "expressions": [
                    "chaulk",
                    "caulk",
                    "chalk",
                    "illuminate",
                    "tell",
                    "talk",
                    "say",
                    "Illuminate",
                    "Chalk",
                    "start talking",
                    "stop talking"
                ]
            },
            {
                "value": "handDown",
                "expressions": [
                    "arm down",
                    "hand down",
                    "and down"
                ]
            },
            {
                "value": "handUp",
                "expressions": [
                    "arm up",
                    "hand up"
                ]
            },
            {
                "value": "sleep",
                "expressions": [
                    "snooze",
                    "sleep"
                ]
            },
            {
                "value": "name",
                "expressions": [
                    "name"
                ]
            },
            {
                "value": "nodNo",
                "expressions": [
                    "disagree",
                    "nod no"
                ]
            },
            {
                "value": "nodYes",
                "expressions": [
                    "agree",
                    "nod yes"
                ]
            },
            {
                "value": "wave",
                "expressions": [
                    "wave"
                ]
            },
            {
                "value": "standUp",
                "expressions": [
                    "stand",
                    "please stand"
                ]
            },
            {
                "value": "sit",
                "expressions": [
                    "wake up",
                    "set",
                    "seat",
                    "sit",
                    "down",
                    "pay attention"
                ]
            }
        ]
    }
}
