{
    "data": {
        "lookups": [
            "keywords"
        ],
        "name": "progress",
        "lang": "en",
        "id": "progress",
        "doc": "User-defined entity",
        "builtin": false,
        "values": [
            {
                "value": "started",
                "expressions": [
                    "started"
                ]
            },
            {
                "value": "again",
                "expressions": [
                    "again"
                ]
            },
            {
                "value": "middle",
                "expressions": [
                    "during",
                    "middle"
                ]
            },
            {
                "value": "end",
                "expressions": [
                    "done",
                    "end"
                ]
            },
            {
                "value": "start",
                "expressions": [
                    "begin",
                    "start"
                ]
            }
        ]
    }
}
