{
    "data": {
        "lookups": [
            "free-text",
            "keywords"
        ],
        "name": "who",
        "lang": "en",
        "id": "who",
        "doc": "User-defined entity",
        "builtin": false,
        "values": [
            {
                "value": "you",
                "expressions": [
                    "you"
                ]
            },
            {
                "value": "class",
                "expressions": [
                    "everybody",
                    "anybody",
                    "raise your hands",
                    "raise your hand",
                    "anyone",
                    "who knows",
                    "you guys",
                    "kids",
                    "everyone",
                    "y'all",
                    "people",
                    "class",
                    "children",
                    "you all"
                ]
            },
            {
                "value": "Freddy",
                "expressions": [
                    "pretty",
                    "Freddy",
                    "freddy",
                    "Freddie"
                ]
            },
            {
                "value": "Sara",
                "expressions": [
                    "Sarah",
                    "Sara",
                    "sarah",
                    "sara"
                ]
            },
            {
                "value": "Robert",
                "expressions": [
                    "Robbie",
                    "Roberts",
                    "Rob",
                    "Robert",
                    "robert",
                    "Robertson",
                    "rob"
                ]
            },
            {
                "value": "Liza",
                "expressions": [
                    "Plaza",
                    "Liza",
                    "liza",
                    "mysa",
                    "lies",
                    "Eliza",
                    "Elijah"
                ]
            }
        ]
    }
}
